genus and species,name for phylogenetic tree,specimen number,taxon,period,stage,Ma,neg Ma,landmass,humerus AP,humerus ML,humerus L,femur AP,femur ML,femur L,tibia circumference (mm),humerus circ (mm),femur circ (mm),hum+fem circ (mm),Campione est mass quadratic (kg),ln Campione est mass quadratic (kg),quadratic mass est low (kg),quadratic mass est high (kg),source,notes,publication year,humerus AP availability,femur AP availability,humerus L availability,femur L availability,tibia circumference (mm) availability
Abydosaurus mcintoshi,Abydosaurusmcintoshi,DINO 39725,tsf,EK,Alb,104.0,-104.0,,,,,,,,,480.4941,603.0,1083.4941,15268.307943023108,9.633534582840603,11451.230957267331,19085.384928778883,"S. Finch, pers. comm. 2021",,2010.0,not available,not available,not available,not available,not available
Aegyptosaurus baharijensis,Aegyptosaurusbaharijensis,BSP 1912 VIII 61 (?destroyed),ti,LK,Cen,96.0,-96.0,AF,,,1000.0,,220.0,1290.0,,459.50160000000005,578.0,1037.5016,13636.39684465868,9.520497735552027,10227.29763349401,17045.49605582335,McPhee et al. 2018,,1958.0,not available,not available,available,available,not available
Arrudatitan maximus,Arrudatitanmaximus,MPMA 12-0001-97,ti,LK,Cam-Maa,71.0,-71.0,SA,,,,,,1550.0,,441.02819999999997,556.0,997.0282,12292.14339331744,9.41671558876299,9219.10754498808,15365.1792416468,"est from pers. comm., Santucci 2011",,2011.0,not available,not available,not available,available,not available
Aeolosaurus rionegrinus,Aeolosaurusrionegrinus,MJG-R1,ti,LK,Cam-Maa,71.0,-71.0,SA,,,,,,,,435.0,550.073,985.073,11911.229136586944,9.385236859088774,8933.421852440208,14889.03642073368,"Powell, 2003",,1987.0,not available,not available,not available,not available,not available
Alamosaurus sanjuanensis,Alamosaurussanjuanensis,TMM 41541-1,salt,LK,Maa,68.0,-68.0,,,,,,,1735.0,,661.0,740.0,1401,29770.895029980493,10.301286518387595,22328.17127248537,37213.618787475614,pers. obs. ,,1922.0,not available,not available,not available,available,not available
Amanzia 'Cetiosauriscus' greppini,AmanziaCetiosauriscusgreppini,M.H. 341,saur,LJ,Kim,154.0,-154.0,EU,,102.0,,,,,,301.0,396.3214,697.3214,4820.259279758973,8.480582998078997,3615.19445981923,6025.324099698717,Schwarz et al. 2020,,1922.0,not available,not available,not available,not available,not available
Amargasaurus cazaui,Amargasauruscazaui,MACN-N 15,doidea,EK,Hau,133.0,-133.0,SA,,,,,,1050.0,,380.0,530.0,910,9683.670726483393,9.178196315671055,7262.753044862545,12104.588408104242,Salgado and Bonaparte 1991,,1991.0,not available,not available,not available,available,not available
Amargatitanis macni,Amargatitanismacni,MACN PV N 34,saur,EK,Hau,133.0,-133.0,SA,,,,,,1100.0,,419.196,530.0,949.196,10811.632844784881,9.288377948697743,8108.724633588661,13514.5410559811,pers. obs. ,,2007.0,not available,not available,not available,available,not available
Ampelosaurus atacis,Ampelosaurusatacis,C33-1297,ti,LK,,76.0,-76.0,EU,,,,,,,,364.0,468.6076,832.6076,7674.595117781783,8.945670817680409,5755.946338336337,9593.243897227228,pers. obs. ,,1995.0,not available,not available,not available,not available,not available
Amphicoelias altus,Amphicoeliasaltus,AMNH 5764,doidea,LJ,Tith,148.0,-148.0,,,,,,,1770.0,,587.136,730.0,1317.136,25367.16361843615,10.141210845729699,19025.372713827113,31708.954523045184,Osborn and Mook 1921,,1877.0,not available,not available,not available,available,not available
Analong chuanjieensis,Analongchuanjieensis,LFGT LCD 9701–1,saur,MJ,Bajocian,169.0,-169.0,AS,80.0,,1042.0,,197.0,1360.0,,410.799,520.0,930.799,10272.776435392145,9.237252610630794,7704.582326544109,12840.970544240181,"Sekiya, 2011",,2011.0,available,not available,available,available,not available
Andesaurus delgadoi,Andesaurusdelgadoi,MUCPv-132,ti,EK/LK,,100.0,-100.0,SA,,190.0,,,,,,513.0,639.5701999999999,1152.5701999999999,17933.532430866337,9.794427559513057,13450.149323149752,22416.91553858292,McPhee et al. 2018,,1991.0,not available,not available,not available,not available,not available
Angolatitan adamastor,Angolatitanadamastor,MGUANPA-003,tsf,LK,Tur,91.0,-91.0,AF,,,,,,,,432.0,546.6308,978.6308,11708.990821835692,9.368112271992896,8781.743116376769,14636.238527294616,Mateus et al. 2011,,2011.0,not available,not available,not available,not available,not available
Anhuilong diboensis,Anhuilongdiboensis,AGB 5822 ,saur,MJ,,166.0,-166.0,AS,,140.0,1050.0,,,,,393.0,501.8822,894.8822,9268.722687217487,9.134400859121818,6951.542015413115,11585.903359021859,Ren et al. 2018,,2018.0,not available,not available,available,not available,not available
Antarctosaurus brasiliensis,Antarctosaurusbrasiliensis,,ti,LK,San,85.0,-85.0,SA,,,,135.0,286.0,,,599.7315,745.0,1344.7314999999999,26769.11072052768,10.19500391670703,20076.83304039576,33461.3884006596,Benson et al. 2018,,2018.0,not available,available,not available,not available,not available
Antarctosaurus giganteus,Antarctosaurusgiganteus,MLP 26-316,ti,LK,,85.0,-85.0,SA,,,,,,2310.0,,639.1974,792.0,1431.1974,31462.251456636815,10.356543739742502,23596.68859247761,39327.81432079602,pers. obs. ,,1929.0,not available,not available,not available,available,not available
Antarctosaurus sp.,Antarctosaurussp.,FMNH P13109,ti,LK,,85.0,-85.0,SA,,,,,,1840.0,,707.2130999999999,873.0,1580.2131,40655.50540430986,10.612889540105925,30491.62905323239,50819.38175538732,pers obs.; Mazzetta et al. 2004,,1929.0,not available,not available,not available,available,not available
Antarctosaurus wichmannianus,Antarctosauruswichmannianus,,ti,LK,San,85.0,-85.0,SA,,,,,,2280.0,,642.5562,796.0,1438.5562,31883.030558021903,10.369829189804605,23912.272918516428,39853.78819752738,McPhee et al. 2018,,1929.0,not available,not available,not available,available,not available
Antetonitrus ingenipes,Antetonitrusingenipes,BP/1/4952,saur,LT,Nor-Rhae,213.0,-213.0,AF,89.0,94.0,717.0,89.0,159.0,794.0,,310.0,410.0,720,5242.996843024874,8.564648530440914,3932.2476322686553,6553.746053781092,McPhee et al. 2018,,2003.0,available,available,available,available,not available
Apatosaurus ajax,Apatosaurusajax,YPM 1860,doidea,LJ,Kim-Tith,154.0,-154.0,,,,1055.0,,,1678.0,,584.0,726.0,1310,25012.056988005188,10.127113267111156,18759.04274100389,31265.071235006486,McPhee et al. 2018,,1877.0,not available,not available,available,available,not available
Apatosaurus excelsus,Apatosaurusexcelsus,,doidea,LJ,Kim-Tith,154.0,-154.0,,129.0,221.0,1080.0,167.0,292.0,1725.0,,591.0,740.0,1331,26065.78180914443,10.168378691348366,19549.336356858323,32582.22726143054,McPhee et al. 2018,,1879.0,available,available,available,available,not available
Apatosaurus louisae,Apatosauruslouisae,CM 3018,doidea,LJ,Kim-Tith,154.0,-154.0,,164.0,238.0,1150.0,174.0,332.3,1785.0,,640.0,845.0,1485,34617.39703008978,10.452111639019925,25963.047772567334,43271.74628761222,pers. obs.; Anderson et al. 1985,,1915.0,available,available,available,available,not available
Apatosaurus parvus,Apatosaurusparvus,UWGM 15556,doidea,LJ,Kim-Tith,154.0,-154.0,,119.0,177.0,1130.0,155.0,290.0,1700.0,,481.0,755.0,1236,21506.84046890553,9.97612632485761,16130.130351679149,26883.550586131914,McPhee et al. 2018,,1902.0,available,available,available,available,not available
Aragosaurus ischiaticus,Aragosaurusischiaticus,MMG-SS,neo,EK,Hau-Barr,130.0,-130.0,EU,,,,,,1420.0,,511.563,640.0,1151.563,17892.787366224467,9.792152970192149,13419.59052466835,22365.984207780584,Royo Torres et al. 2006,,1987.0,not available,not available,not available,available,not available
Argentinosaurus huinculensis,Argentinosaurushuinculensis,MLP-DP 46-VIII-21-3,ti,LK,Cen,96.0,-96.0,SA,,,,,,,,906.222,1110.0,2016.222,76219.95365939573,11.24137856644283,57164.965244546795,95274.94207424467,"Smith et al. 2001; Mazzetta et al., 2004; Bonaparte, 1996, Carballido et al. 2017",,1993.0,not available,not available,not available,not available,not available
Argyrosaurus superbus,Argyrosaurussuperbus,MLP 77-V-29-1,tsf,LK,Cam-Maa,71.0,-71.0,SA,,,,,,,,620.0,762.342,1382.342,28754.06552803753,10.266534445898962,21565.54914602815,35942.58191004691,Powell 2003,,1893.0,not available,not available,not available,not available,not available
Atacamatitan chilensis,Atacamatitanchilensis,SGO-PV-961,ti,LK,,83.0,-83.0,SA,,121.0,,,125.0,1100.0,,347.0,339.0,686,4617.309856355403,8.437567532309528,3462.9823922665523,5771.637320444253,McPhee et al. 2018,,2011.0,not available,not available,not available,available,not available
Atlasaurus imelakei,Atlasaurusimelakei,,saur,MJ,Bath-Call,166.0,-166.0,AF,,,1973.0,,,1943.0,,565.0,690.0,1255,22376.253637073092,10.01575557004606,16782.19022780482,27970.317046341366,McPhee et al. 2018,,1999.0,not available,not available,available,available,not available
Australotitan cooperensis,Australotitancooperensis,EMF102,ti,LK,Cen,96.0,-96.0,AU,,,,,,,,759.0,933.0,1692,48508.59535959495,10.789496285132447,36381.44651969621,60635.74419949368,Hocknull et al. 2021,,2021.0,not available,not available,not available,not available,not available
Bagualia alba,Bagualiaalba,MPEF-PV 3301,saur,EJ,Toar,179.0,-179.0,SA,,,,,,,,,,,1000.0,6.907755278982137,750.0,1250.0,mass is that reported in Pol et al. 2020,,2020.0,not available,not available,not available,not available,not available
Barapasaurus tagorei,Barapasaurustagorei,ISIR 50,saur,EJ-MJ,,182.0,-182.0,IN,,118.0,,,138.0,1365.0,,340.0,372.0,712,5091.3896622006705,8.535306090395986,3818.542246650503,6364.237077750839,McPhee et al. 2018,,1975.0,not available,not available,not available,available,not available
Barosaurus lentus,Barosauruslentus,BYU 9024,doidea,LJ,Kim-Tith,154.0,-154.0,,,,,,,,,,,,60000.0,11.002099841204238,45000.0,75000.0,"Molina-Perez & Larramendi 2020. Dinosaur Facts and Figures: The Sauropods and Other Sauropodomorphs. Princeton University Press, 272 pp.; Taylor, M. and Wedel, M. 2016. How big did Barosaurus get? Symposium on Vertebrate Palaeontology and Comparative Anatomy Abstracts.",scaled up mass of the AMNH 6341 specimen,1890.0,not available,not available,not available,not available,not available
Bellusaurus sui,Bellusaurussui,"IVPP V8300/V8299 (CS) (FL=525); Dong 1990; Royo-Torres et al. 2006 (circumference of cast femur with FL=500 given as 710, which is clearly much too high)",saur,LJ,Ox ,157.0,-157.0,AS,51.5,,370.0,,80.0,550.0,,163.0875,225.0,388.0875,1024.584350422246,6.932042297547197,768.4382628166845,1280.7304380278074,McPhee et al. 2018; Benson et al. 2018,,1990.0,available,not available,available,available,not available
Borealosaurus wimani,Borealosauruswimani,LPM0170,tsf,LK,,85.0,-85.0,AS,,110.0,,,,,,320.0,418.122,738.1220000000001,5596.549147700232,8.629905463154468,4197.411860775174,6995.6864346252905,Cashmore et al. 2020,,2004.0,not available,not available,not available,not available,not available
Brachiosaurus altithorax,Brachiosaurusaltithorax,FMNH P25107,br,LJ,Kim-Tith,154.0,-154.0,,,,,,,2030.0,,930.0,940.0,1870,62787.729381193996,11.047514941345579,47090.7970358955,78484.6617264925,D'Emic & Carrano 2020,,1903.0,not available,not available,not available,available,not available
Brachytrachelopan mesai,Brachytrachelopanmesai,MEF-Pv 1716,doidea,LJ,Ox-Tith,156.0,-156.0,SA,,,,,,1100.0,,444.38700000000006,560.0,1004.3870000000001,12530.249309738845,9.435900944718416,9397.686982304134,15662.811637173556,pers. obs. ,,2005.0,not available,not available,not available,available,not available
Bravasaurus arreirosorum,Bravasaurusarreirosorum,CRILAR-Pv 612,ti,LK,Cam-Maa,71.0,-71.0,SA,,,530.0,,,680.0,,245.0,310.0,555,2642.4246639644152,7.879452207958396,1981.8184979733114,3303.030829955519,Hechenleitner et al. 2020,,2020.0,not available,not available,available,available,not available
Brontosaurus 'Eobrontosaurus' yahnahpin,BrontosaurusEobrontosaurusyahnahpin,TATE 001,doidea,LJ,Kim-Tith,154.0,-154.0,,,190.0,,,,,,513.0,639.5701999999999,1152.5701999999999,17933.532430866337,9.794427559513057,13450.149323149752,22416.91553858292,Benson et al. 2018,,1999.0,not available,not available,not available,not available,not available
Camarasaurus grandis,Camarasaurusgrandis,GMNH 101,neo,LJ,Kim-Tith,154.0,-154.0,,,,1130.0,,228.0,1485.0,,472.0,630.0,1102,15956.836759104812,9.677642653308894,11967.627569328608,19946.045948881016,McPhee et al. 2018,,1877.0,not available,not available,available,available,not available
Camarasaurus lentus,Camarasauruslentus,DINO 4514,neo,LJ,Kim-Tith,154.0,-154.0,,,,,,,1470.0,,570.342,710.0,1280.342,23568.606223648414,10.06767086069205,17676.45466773631,29460.757779560518,Benson et al. 2018,,1889.0,not available,not available,not available,available,not available
Camarasaurus lewisi,Camarasauruslewisi,BYU 9047,neo,LJ,Kim-Tith,154.0,-154.0,,,149.0,1018.0,,,,,450.0,567.284,1017.284,12954.285619444838,9.469181948244955,9715.714214583628,16192.857024306048,McPhee et al. 2018,,1988.0,not available,not available,available,not available,not available
Camarasaurus supremus,Camarasaurussupremus,AMNH 5761,neo,LJ,Kim-Tith,154.0,-154.0,,,,,,,,,600.0,739.3939999999999,1339.3939999999998,26494.372916233282,10.184687646642743,19870.77968717496,33117.966145291604,Osborn and Mook 1921,,1877.0,not available,not available,not available,not available,not available
Cathartesaura anaerobica,Cathartesauraanaerobica,MPCA- 232,doidea,LK,Cen-Con,94.0,-94.0,SA,,,,,,1380.0,,435.99,550.0,985.99,11940.187980721768,9.387665130601704,8955.140985541326,14925.23497590221,Gallina and Apesteguia 2005; P. Gallina pers. comm. 2011,,2005.0,not available,not available,not available,available,not available
Cedarosaurus weiskopfae,Cedarosaurusweiskopfae,DMNH 39045,br,EK,Apt-Alb,112.0,-112.0,,,,,,,1450.0,,445.0,561.5469999999999,1006.5469999999999,12600.66847715319,9.441505145274586,9450.501357864894,15750.835596441488,Tidwell et al. 1999,,1999.0,not available,not available,not available,available,not available
Cetiosauriscus stewarti,Cetiosauriscusstewarti,NHMUK R.3078,neo,MJ,Cal,163.0,-163.0,EU,,,,,,1360.0,,563.0,696.9401999999999,1259.9402,22605.745735193625,10.025959389018379,16954.309301395217,28257.182168992033,Smith Woodward 1905,,1980.0,not available,not available,not available,available,not available
Cetiosaurus oxoniensis,Cetiosaurusoxoniensis,OUMNH J13615,neo,MJ,Bath,166.0,-166.0,EU,,,,,,1615.0,,585.0,683.0,1268,22983.213491842424,10.042519380261677,17237.410118881817,28729.01686480303,Upchurch and Martin 2003,,1870.0,not available,not available,not available,available,not available
Chuanjiesaurus anaensis,Chuanjiesaurusanaensis,LFGT LCD #,saur,MJ,Bajocian,169.0,-169.0,AS,80.0,167.0,1065.0,,225.0,1375.0,,470.41769999999997,591.0,1061.4177,14470.978137309026,9.579900414943474,10853.23360298177,18088.722671636282,"Sekiya, 2011",,2000.0,available,not available,available,available,not available
Chubutisaurus insignis,Chubutisaurusinsignis,MACN 18222,tsf,EK,Apt-Alb,112.0,-112.0,,,,,,,1700.0,,590.0,690.0,1280,23552.264292443637,10.066977243121705,17664.198219332728,29440.330365554546,pers. obs. ,,1975.0,not available,not available,not available,available,not available
Comahuesaurus windhauseni,Comahuesauruswindhauseni,"MOZ-PV 6761, 6762 ",doidea,EK,Apt-Alb,112.0,-112.0,SA,,,,,,,,440.0,585.0,1025,13212.097797531665,9.488888188657949,9909.07334814875,16515.122246914583,Carballido et al. 2012,,2012.0,not available,not available,not available,not available,not available
Dahkla Formation indet,DahklaFormationindet,Vb-646,salt,LK,Maa,68.0,-68.0,AF,,,,,,724.0,,230.2635,305.0,535.2635,2401.519343536466,7.783856875845068,1801.1395076523495,3001.899179420582,Rauhut and Wener 1997,,1997.0,not available,not available,not available,available,not available
Dashanpusaurus dongi,Dashanpusaurusdongi,ZDM 5028,neo,MJ,Baj-Call,167.0,-167.0,AS,,172.0,924.0,,170.0,1114.0,,469.0,452.0,921,9992.588656678943,9.209598962868256,7494.441492509208,12490.735820848678,Peng et al. 2005; Benson et al. 2018,,2005.0,not available,not available,available,available,not available
Daxiatitan binglingi,Daxiatitanbinglingi,GSLTZP03-001,tsf,EK,,125.0,-125.0,AS,,,,,303.0,1770.0,,635.8385999999999,788.0,1423.8386,31044.85723283228,10.343188445071469,23283.64292462421,38806.07154104035,McPhee et al. 2018,,2008.0,not available,not available,not available,available,not available
Demandasaurus darwini,Demandasaurusdarwini,"MDS-RVII,16",doidea,EK,Barr-Apt,121.0,-121.0,EU,,,,,,1080.0,,247.89720000000003,326.0,573.8972,2886.4675792552457,7.96778874258454,2164.850684441434,3608.0844740690573,Est from Fernandez-Baldor et al. 2011 ,,2011.0,not available,not available,not available,available,not available
Diamantinasaurus matildae,Diamantinasaurusmatildae,AODF 603,ti,LK,Cen,96.0,-96.0,AU,,,,,,1330.0,,570.0,662.0,1232,21326.46768691665,9.967704194700438,15994.850765187488,26658.08460864581,Gonzalez-Riga et al. 2016; Hocknull et al. 2021,,2009.0,not available,not available,not available,available,not available
Dicraeosaurus hansemanni,Dicraeosaurushansemanni,Q11,doidea,LJ,Kim-Tith,154.0,-154.0,AF,,,,,,,,339.0,439.9226,778.9226,6444.867685736018,8.771039385408635,4833.650764302013,8056.0846071700225,J. Whitlock pers. comm. 2011,,1914.0,not available,not available,not available,not available,not available
Dicraeosaurus sattleri,Dicraeosaurussattleri,,doidea,LJ,Kim-Tith,154.0,-154.0,AF,,,735.0,,,1205.0,,337.0,555.0,892,9190.868446080493,9.125965709914414,6893.151334560369,11488.585557600616,Benson et al. 2018,,1914.0,not available,not available,available,available,not available
Diplodocus carnegiei,Diplodocuscarnegiei,CM 84,doidea,LJ,Kim-Tith,154.0,-154.0,,,,,174.0,,1520.0,,470.41769999999997,591.0,1061.4177,14470.978137309026,9.579900414943474,10853.23360298177,18088.722671636282,McPhee et al. 2018,,1901.0,not available,available,not available,available,not available
Diplodocus hallorum,Diplodocushallorum,NMMNH P-25079,doidea,LJ,Kim-Tith,154.0,-154.0,,,,,165.0,280.0,1800.0,,588.8154,732.0,1320.8154,25551.449081265215,10.148449309532989,19163.58681094891,31939.31135158152,"Herne and Lucas, 2006; McPhee et al. 2018; J. Spielmann pers. Comm. 2011",,1991.0,not available,available,not available,available,not available
Dongbeititan dongi,Dongbeititandongi,D2867,doidea,LJ,Kim-Tith,154.0,-154.0,,,,,,220.0,1160.0,,459.50160000000005,578.0,1037.5016,13636.39684465868,9.520497735552027,10227.29763349401,17045.49605582335,McPhee et al. 2018,,2007.0,not available,not available,not available,available,not available
Dreadnoughtus schrani,Dreadnoughtusschrani,MPM-PV 1156,ti,LK,Cam-Maa,75.0,-75.0,SA,,,,,,1910.0,,785.0,910.0,1695,48730.98024843188,10.794070251548053,36548.23518632391,60913.72531053985,Lacovara et al. 2014,,2014.0,not available,not available,not available,available,not available
Duriatitan humerocristatus,Duriatitanhumerocristatus,NHMUK 44635,neo,LJ,Kim,155.0,-155.0,EU,,,,,,1400.0,,533.0,662.5182,1195.5182,19723.737870524386,9.889578157381663,14792.803402893289,24654.672338155484,Hulke 1874,,1874.0,not available,not available,not available,available,not available
Dyslocosaurus polyonychius,Dyslocosauruspolyonychius,,saur,LJ,Kim-Tith,154.0,-154.0,,,,,,,,295.0,423.46629435,535.0855,958.55179435,11092.134287358713,9.313991513348167,8319.100715519035,13865.167859198391,McIntosh et al 1992,,1992.0,not available,not available,not available,not available,available
Dystrophaeus viaemalae,Dystrophaeusviaemalae,USNM 2364,neo,LJ,Kim,155.0,-155.0,,,80.0,765.0,,,,,248.0,335.5092,583.5092,3015.7072693642895,8.011589665187948,2261.780452023217,3769.634086705362,McPhee et al. 2018,,1877.0,not available,not available,available,not available,not available
Elaltitan lilloi,Elaltitanlilloi,PVL 4628,ti,LK,,95.0,-95.0,SA,,,,,,,,625.0,810.0,1435,31679.262406016256,10.363417563018942,23759.44680451219,39599.07800752032,pers. obs. ,,2012.0,not available,not available,not available,not available,not available
Eomamenchisaurus,Eomamenchisaurus,CXMVZA 165,saur,MJ,,169.0,-169.0,AS,,,,,,1100.0,,326.82899999999995,420.0,746.829,5771.460698363874,8.660680481426631,4328.595523772906,7214.325872954842,McPhee et al. 2018,,2008.0,not available,not available,not available,available,not available
Epachthosaurus sciuttoi ,Epachthosaurussciuttoi,UNPSJB-PV 920,ti,LK,Cen-Tur,95.0,-95.0,SA,,,,,,1095.0,,430.0,550.0,980,11751.797235268436,9.371761464068758,8813.847926451326,14689.746544085545,Martinez et al. 2004,,1990.0,not available,not available,not available,available,not available
Erketu ellisoni,Erketuellisoni,IGM 100/1803,tsf,LK,Cen-Sant,90.0,-90.0,AS,,,,,,,298.0,427.52330489999997,539.917,967.4403049,11362.693286556725,9.338090749259134,8522.019964917545,14203.366608195905,Ksepka and Norell 2006,,2006.0,not available,not available,not available,not available,available
Euhelopus zdanskyi,Euhelopuszdanskyi,PMU 233,tsf,EK,,125.0,-125.0,AS,,,,,,960.0,,301.63800000000003,390.0,691.638,4717.709789554823,8.45907874674779,3538.2823421661174,5897.1372369435285,Wiman 1929,,1929.0,not available,not available,not available,available,not available
Europasaurus holgeri,Europasaurusholgeri,DMFFH/Mv 837.1,br,LJ,Kim-Ox,153.0,-153.0,EU,,,,,,,,180.7212,246.0,426.7212,1318.1822655094468,7.184008994962232,988.6366991320851,1647.7278318868084,Carballido et al. 2020,,2006.0,not available,not available,not available,not available,not available
Ferganasaurus verzilini,Ferganasaurusverzilini,PIN N 3042/1,saur,MJ,Callovian,164.0,-164.0,AS,94.0,131.0,890.0,125.0,187.0,1080.0,,356.0,495.0,851,8126.369025595711,9.002869488462107,6094.776769196783,10157.961281994638,Alifanov & Averianov 2003,,2003.0,available,available,available,available,not available
Fukuititan nipponensis,Fukuititannipponensis,FPDM V8468,tsf,EK,Hau-Apt,130.0,-130.0,AS,,,,,,1140.0,,370.0,440.0,810,7140.74114081421,8.873571851181138,5355.555855610657,8925.926426017762,Azuma and Shimada 2010,,2010.0,not available,not available,not available,available,not available
Fusuisaurus zhaoi,Fusuisauruszhaoi,NHMG 6729,tsf,EK,,125.0,-125.0,AS,,,,,,,,605.0,745.131,1350.1309999999999,27048.791862400532,10.205397620149679,20286.593896800397,33810.98982800067,Mo et al. 2020,,2020.0,not available,not available,not available,not available,not available
Futalognkosaurus dukei,Futalognkosaurusdukei,F51,ti,LK,Tur-Con,93.0,-93.0,SA,,,,,,,,643.0,800.0,1443,32138.771931770785,10.377818428597912,24104.07894882809,40173.464914713484,Gonzalez-Riga et al. 2016,,2007.0,not available,not available,not available,not available,not available
Galeamopus hayi,Galeamopushayi,,doidea,LJ,Kim-Tith,154.0,-154.0,,,188.0,936.0,,227.0,1448.0,,470.0,590.0,1060,14420.662728406181,9.576417368756935,10815.497046304636,18025.828410507725,McPhee et al. 2018,,2015.0,not available,not available,available,available,not available
Galeamopus pabsti,Galeamopuspabsti,SMA 0011,doidea,LJ,,154.0,-154.0,,,,,,208.0,,,177.0,548.0,725,5339.136649107275,8.582819242686096,4004.352486830456,6673.920811384094,Tschopp & Mateus 2017,,2017.0,not available,not available,not available,not available,not available
Galveosaurus herreroi,Galveosaurusherreroi,CLH-16 ,tsf,EK,Tith,152.0,-152.0,EU,,240.0,1530.0,,,,,633.0,777.2582,1410.2582,30283.427006546324,10.31835587837805,22712.570254909744,37854.28375818291,McPhee et al. 2018,,2005.0,not available,not available,available,not available,not available
Garrigatitan meridionalis,Garrigatitanmeridionalis,MMS/VBN.00.13,ti,LK,Cam,76.0,-76.0,EU,,,,,,,,250.0,337.804,587.804,3074.5794892342587,8.03092341942075,2305.934616925694,3843.2243615428233,Diez Diaz et al. 2020,,2020.0,not available,not available,not available,not available,not available
Giraffatitan brancai,Giraffatitanbrancai,MB.R.2688 (HMN XV2),br,LJ,Kim-Tith,154.0,-154.0,AF,,,,,,2090.0,,654.0,801.3535999999999,1455.3536,46160.65714076242,10.739883137232347,34620.492855571814,57700.82142595303,"Paul, 1988",estimated as (1.12^3) * mass of SII (MB.R.2181); Taylor (2009),1914.0,not available,not available,not available,available,not available
Gobititan shenzhouensis,Gobititanshenzhouensis,IVPP 12579,tsf,EK,Barr,127.0,-127.0,AS,,,,185.0,240.0,,,524.1585,655.0,1179.1585,19029.597438279714,9.853750806008627,14272.198078709785,23786.996797849642,McPhee et al. 2018,,2003.0,not available,available,not available,not available,not available
Gondwanatitan faustoi,Gondwanatitanfaustoi,MN 4111-V,ti,LK,Tur-Maa,71.0,-71.0,SA,,,,,,79.0,,280.0,372.226,652.226,4043.2651849705962,8.304807858627683,3032.448888727947,5054.081481213245,pers. obs. ,,1999.0,not available,not available,not available,available,not available
Gongxianosaurus shibeiensis,Gongxianosaurusshibeiensis,,saur,EJ,Toar,179.0,-179.0,AS,,,920.0,,270.0,1150.0,,565.3038,704.0,1269.3038000000001,23044.63187378269,10.045188130793246,17283.473905337018,28805.789842228365,McPhee et al. 2018,,1998.0,not available,not available,available,available,not available
Haestasaurus becklesii ,Haestasaurusbecklesii,NHMUK R1870 ,neo,EK,Ber-Val,139.0,-139.0,EU,,,,,,,,307.0,403.2058,710.2058,5057.761005096306,8.528679175242914,3793.3207538222296,6322.201256370382,Upchurch et al. 2015,,2015.0,not available,not available,not available,not available,not available
Haplocanthosaurus delfsi,Haplocanthosaurusdelfsi,CMNH 10380,doidea,LJ,Kim-Tith,154.0,-154.0,,,,,,,1745.0,,608.1285,755.0,1363.1285,27729.280260642892,10.230244183013077,20796.96019548217,34661.600325803614,McIntosh et al. 1988,,1988.0,not available,not available,not available,available,not available
Haplocanthosaurus priscus,Haplocanthosauruspriscus,CM 572,neo,LJ,,154.0,-154.0,,,,,,,,326.0,518.0,645.3072,1163.3072,18371.393600681426,9.81855003818864,13778.54520051107,22964.24200085178,Benson et al. 2018,,1903.0,not available,not available,not available,not available,available
Huabeisaurus allocotus ,Huabeisaurusallocotus,HBV-20001,tsf,LK,,83.0,-83.0,AS,,,,,,1180.0,,515.7615,645.0,1160.7615,18266.997376120173,9.812851288636239,13700.24803209013,22833.746720150215,pers. obs. ,,2000.0,not available,not available,not available,available,not available
Huangshanlong anhuiensis,Huangshanlonganhuiensis,,saur,MJ,,169.0,-169.0,AS,,140.0,,,,,,393.0,501.8822,894.8822,9268.722687217487,9.134400859121818,6951.542015413115,11585.903359021859,Huang et al. 2014,,2014.0,not available,not available,not available,not available,not available
Ingentia prima,Ingentiaprima,PVSJ 1086,saur,LT,Nor-Rhae,213.0,-213.0,SA,,80.0,630.0,,,,,248.0,335.5092,583.5092,3015.7072693642895,8.011589665187948,2261.780452023217,3769.634086705362,Apaldetti et al. 2018,,2018.0,not available,not available,available,not available,not available
Isanosaurus attavipachi,Isanosaurusattavipachi,CH4,saur,LT,,216.0,-216.0,AS,,,,,,760.0,,255.45450000000002,335.0,590.4545,3111.2608955215583,8.042783355651261,2333.4456716411687,3889.076119401948,Buffetaut et al. 2000; pers obs,,2000.0,not available,not available,not available,available,not available
Isisaurus colberti,Isisauruscolberti,ISI R335,ti,LK,Maa,68.0,-68.0,IN,,,,,,,,488.0,610.8851999999999,1098.8852,15839.653082758776,9.670271763787593,11879.739812069081,19799.56635344847,Jain and Bandyopadhyay 1997,,1997.0,not available,not available,not available,not available,not available
Jainosaurus septentrionalis,Jainosaurusseptentrionalis,BMNH R5931,ti,LK,Maa,68.0,-68.0,IN,,144.0,952.0,,206.0,1288.0,353.0,419.0,527.0,946,10716.81372034153,9.27956916286384,8037.610290256147,13396.017150426913,Benson et al. 2018,,1933.0,not available,not available,available,available,available
Janenschia robusta,Janenschiarobusta,MB.R.2095.7,saur,LJ,,154.0,-154.0,AF,,,,129.0,222.0,1249.0,,449.4252,566.0,1015.4252,12892.64013363328,9.464411895257804,9669.48010022496,16115.8001670416,Mannion et al. 2019,,1908.0,not available,available,not available,available,not available
Jiangshanosaurus lixianensis,Jiangshanosauruslixianensis,ZMNH M1322 ,tsf,LK,Cen,96.0,-96.0,AS,,,,,,,,519.9599999999999,650.0,1169.96,18645.927236683383,9.833383022493742,13984.445427512537,23307.409045854227,Mannion et al. 2019,,2001.0,not available,not available,not available,not available,not available
Jobaria tiguidensis ,Jobariatiguidensis,F170,saur,MJ-LJ,,163.0,-163.0,AF,,,,,,,,586.0,730.0,1316,25310.42974338278,10.13897183258834,18982.822307537084,31638.03717922848,pers. obs. ,,1999.0,not available,not available,not available,not available,not available
Jordan titanosaur -- new genus and species,Jordantaxon,UMMP 14372,salt,LK,Maa,68.0,-68.0,AF,,,,,,570.0,,205.0725,275.0,480.0725,1801.0972450190861,7.496151338731652,1350.8229337643147,2251.3715562738575,"Wilson et al., 2006; D'Emic and Wilson, 2012; pers. obs. ",,2006.0,not available,not available,not available,available,not available
Kaijutitan maui,Kaijutitanmaui,MAU-Pv-CM-522,ti,LK,Con,88.0,-88.0,SA,,200.0,,,,,,537.0,667.1077999999999,1204.1077999999998,20094.261156686884,9.908189538687424,15070.695867515162,25117.826445858605,Filippi et al. 2019,,2019.0,not available,not available,not available,not available,not available
Klamelisaurus gobiensis,Klamelisaurusgobiensis,IVPP V9492,saur,LJ,Ox,157.0,-157.0,AS,,143.0,920.0,,195.0,1200.0,,400.0,515.0,915,9823.354633773657,9.192517955412857,7367.515975330243,12279.19329221707,McPhee et al. 2018,,1993.0,not available,not available,available,available,not available
Kotasaurus yamanpalliensis,Kotasaurusyamanpalliensis,,saur,EJ,Sin-Plie,191.0,-191.0,AS,70.0,110.0,750.0,80.0,160.0,1170.0,,320.0,427.0,747,5774.928846516636,8.66128121436459,4331.196634887478,7218.661058145795,McPhee et al. 2018,,1988.0,available,available,available,available,not available
Kunmingosaurus wudingensis,Kunmingosauruswudingensis,,saur,EJ,Het-Sin,196.0,-196.0,AS,,,,105.0,120.0,880.0,,247.89720000000003,326.0,573.8972,2886.4675792552457,7.96778874258454,2164.850684441434,3608.0844740690573,McPhee et al. 2018,,1966.0,not available,available,not available,available,not available
Laplatasaurus araukanicus,Laplatasaurusaraukanicus,MLP-CS 1128,ti,LK,Cam,76.0,-76.0,SA,,,,,,,270.0,389.6578731000001,494.82300000000004,884.4808731,8989.643507230934,9.103828472311328,6742.232630423201,11237.054384038667,"Gallina & Otero, 2015",,1929.0,not available,not available,not available,not available,available
Ledumahadi mafube,Ledumahadimafube,BP/1/7120 ,saur,EJ,,197.0,-197.0,AF,,,,,,1020.0,,428.94069599251253,540.0,968.9406959925125,11408.75643248136,9.342136447650923,8556.56732436102,14260.945540601699,McPhee et al. 2018,,2018.0,not available,not available,not available,available,not available
Lessemsaurus sauropoides,Lessemsaurussauropoides,CRILAR PV-302,saur,LT,Nor,217.0,-217.0,SA,,52.0,485.0,94.0,122.0,830.0,,263.8515,345.0,608.8515,3373.2653547723776,8.123636502222979,2529.949016079283,4216.581693465472,McPhee et al. 2018,,1999.0,not available,available,available,available,not available
Ligabuesaurus leanzai,Ligabuesaurusleanzai,MCF PHV 233,tsf,EK,Apt,118.0,-118.0,SA,,,,,,1725.0,,500.0,616.0,1116,16490.045085941492,9.710512149688263,12367.53381445612,20612.556357426867,pers. obs. ,,2006.0,not available,not available,not available,available,not available
Limaysaurus tessonei,Limaysaurustessonei,MUCPv-205 ,doidea,LK,Cen,98.0,-98.0,SA,76.0,139.0,900.0,,220.0,1440.0,,390.0,578.0,968,11379.863070464462,9.339600675135564,8534.897302848347,14224.828838080577,McPhee et al. 2018,,1995.0,available,not available,available,available,not available
Lingwulong shenqi,Lingwulongshenqi,,doidea,MJ,Toar-Baj,174.0,-174.0,AS,,165.0,,,245.0,,,453.0,641.0,1094,15656.92150808053,9.658668367083177,11742.691131060397,19571.151885100662,"Xu et al., 2018",,2018.0,not available,not available,not available,not available,not available
Lirainosaurus astibiae,Lirainosaurusastibiae,MGUV 17165,ti,LK,Cam-Maa,70.0,-70.0,EU,,,,,,,,400.0,509.914,909.914,9681.278830928124,9.177949282177853,7260.959123196093,12101.598538660155,"Company 2010; J. Company, pers. comm. 2011",,1999.0,not available,not available,not available,not available,not available
Lohuecotitan pandafilandi,Lohuecotitanpandafilandi,HUE-03108 ,ti,LK,Cam-Maa,71.0,-71.0,EU,,,,,,,,314.23350000000005,405.0,719.2335,5228.352994258377,8.56185159240705,3921.264745693783,6535.441242822972,"Díez Díaz et al., 2016",,2016.0,not available,not available,not available,not available,not available
Losillasaurus giganteus,Losillasaurusgiganteus,Lo-7,neo,LJ,Tith-Berr,145.0,-145.0,EU,158.0,265.0,1430.0,,,,,693.0,846.1021999999999,1539.1021999999998,37976.21902362796,10.544715427636788,28482.164267720967,47470.273779534946,McPhee et al. 2018,,2001.0,available,not available,available,not available,not available
Lourinhasaurus alenquerensis,Lourinhasaurusalenquerensis,no #,neo,LJ,Kim-Tith,154.0,-154.0,EU,,,,,,1740.0,,547.0,785.0,1332,26116.618539367177,10.170327116333269,19587.463904525383,32645.77317420897,Lapparent and Zbyszewski 1957,,1957.0,not available,not available,not available,available,not available
Lusotitan atalaiensis ,Lusotitanatalaiensis,no #,br,LJ,Kim-Tith,154.0,-154.0,EU,,,,,,2000.0,,615.0,756.6049999999999,1371.605,28178.608254902232,10.246318396543288,21133.956191176672,35223.26031862779,Mannion pers. comm. 2011,,1957.0,not available,not available,not available,available,not available
Magyarosaurus dacus,Magyarosaurusdacus,"BMNH R3856, R3855",ti,LK,Maa,68.0,-68.0,EU,,,410.0,,,475.0,,165.0,180.0,345,749.1468519978202,6.618935028381706,561.8601389983652,936.4335649972753,McPhee et al. 2018,,2018.0,not available,not available,available,available,not available
Malawisaurus dixeyi ,Malawisaurusdixeyi,MAL-201,ti,EK,,125.0,-125.0,AF,,,,,,1450.0,,301.0,396.3214,697.3214,4820.259279758973,8.480582998078997,3615.19445981923,6025.324099698717,Gomani 2005,,1993.0,not available,not available,not available,available,not available
Mamenchisaurus constructus,Mamenchisaurusconstructus,IVPP V946,saur,LJ,,153.0,-153.0,AS,,185.0,970.0,,,1230.0,,509.0,580.0,1089,15471.230106373463,9.646737456008594,11603.422579780097,19339.03763296683,McPhee et al. 2018,,1954.0,not available,not available,available,available,not available
Mamenchisaurus hochuanensis,Mamenchisaurushochuanensis,no number,saur,LJ,,153.0,-153.0,AS,,,,,,1275.0,,495.6087,621.0,1116.6087,16513.470395194883,9.711931714413154,12385.102796396162,20641.837993993606,Young and Zhao 1972; Mazzetta et al. 2004,,1965.0,not available,not available,not available,available,not available
Mamenchisaurus youngi,Mamenchisaurusyoungi,ZDM 0083,saur,LJ,,153.0,-153.0,AS,80.0,110.0,835.0,100.0,150.0,1125.0,,328.0,419.0,747,5774.928846516636,8.66128121436459,4331.196634887478,7218.661058145795,McPhee et al. 2018,,2002.0,available,available,available,available,not available
Mansourasaurus shahinae,Mansourasaurusshahinae,MUVP 200,ti,LK,Cam,76.0,-76.0,AF,,120.0,,,,,,344.0,445.6596,789.6596,6680.364421557985,8.806927819168116,5010.273316168489,8350.455526947482,Cashmore et al. 2020,,2018.0,not available,not available,not available,not available,not available
Maxakalisaurus topai  ,Maxakalisaurustopai,MN 5013-V,ti,LK,Cam-Maa,70.0,-70.0,SA,,,,,,,,354.0,457.1336,811.1336,7166.951453897691,8.877235662411287,5375.213590423268,8958.689317372115,J. A. Wilson pers. comm 2011,,2006.0,not available,not available,not available,not available,not available
Mendozasaurus neguyelap ,Mendozasaurusneguyelap,IANIGLA-PV 073/4,ti,LK,Tur-Con,93.0,-93.0,SA,,,,,,1485.0,,410.799,520.0,930.799,10272.776435392145,9.237252610630794,7704.582326544109,12840.970544240181,"GonzalezRiga et al., 2018",,2003.0,not available,not available,not available,available,not available
Meroktenos thabanensis,Meroktenosthabanensis,MNHN.F.LES16c,saur,EJ,,195.0,-195.0,AF,,,,52.0,82.0,480.0,,167.286,230.0,397.286,1090.3803965138814,6.994281901968586,817.785297385411,1362.9754956423517,Peyre de Fabrègues & Allain 2016,,2016.0,not available,available,not available,available,not available
Mierasaurus bobyoungi,Mierasaurusbobyoungi,DBGI 39,neo,EK,Ber-Apt,121.0,-121.0,,,,,,198.0,,,413.31809999999996,523.0,936.3181,10432.671173024992,9.252697620001843,7824.503379768744,13040.83896628124,Royo-Torres et al. 2017,,2017.0,not available,not available,not available,not available,not available
Mnyamawamtuka moyowamkia,Mnyamawamtukamoyowamkia,RRBP 05834,ti,EK/LK,Apt-Cen,105.0,-105.0,AF,,110.0,,,119.0,,,320.0,418.122,738.1220000000001,5596.549147700232,8.629905463154468,4197.411860775174,6995.6864346252905,Gorscak & O'Connor 2019,,2019.0,not available,not available,not available,not available,not available
Moabosaurus utahensis,Moabosaurusutahensis,BYU 14783,neo,EK,Ber-Apt,121.0,-121.0,,,,,,224.0,,,467.8986,588.0,1055.8986,14275.700694917858,9.566314118777903,10706.775521188392,17844.625868647323,Britt et al. 2017,,2017.0,not available,not available,not available,not available,not available
MPEF PV 3098,MPEFPV3098,MPEF PV 3098,br,LJ,Ox-Tith,156.0,-156.0,SA,,,,,,,,640.0,785.29,1425.29,31126.91372781525,10.345828117107882,23345.185295861436,38908.642159769064,"Rauhut 2006; Carballido, pers. comm. 2011",,2006.0,not available,not available,not available,not available,not available
Muyelensaurus pecheni,Muyelensauruspecheni,,ti,LK,Con-San,86.0,-86.0,SA,,57.0,,,,,,193.0,272.4022,465.4022,1659.0307654473465,7.413988834591942,1244.27307408551,2073.788456809183,pers. obs. ,,2007.0,not available,not available,not available,not available,not available
Narambuenatitan palomoi ,Narambuenatitanpalomoi,MAU-Pv-N-425,ti,LK,Cam,76.0,-76.0,SA,,,,,,1574.0,,350.0,415.0,765,6147.154650659597,8.723744595311796,4610.365987994697,7683.943313324497,L. Filippi pers. comm. 2011,,2011.0,not available,not available,not available,available,not available
Neuquensaurus australis ,Neuquensaurusaustralis,"MCS 5-8, -9",salt,LK,Cam,76.0,-76.0,SA,,,,,,810.0,,294.0,380.0,674,4407.999957215165,8.391176341126572,3305.9999679113735,5509.999946518956,pers. obs. ,,1992.0,not available,not available,not available,available,not available
Nigersaurus taqueti,Nigersaurustaqueti,G33-2a,doidea,EK,,125.0,-125.0,AF,,,,,,,,232.0,317.1508,549.1508,2569.55295004401,7.851487213359096,1927.1647125330073,3211.941187555012,pers. obs. ,,1999.0,not available,not available,not available,not available,not available
Notocolossus gonzalezparejasi,Notocolossusgonzalezparejasi,UNCUYO-LD 301 ,ti,LK,Con-San,86.0,-86.0,SA,,,,,,,,770.0,934.4519999999999,1704.4519999999998,49435.669471110436,10.80842749669145,37076.75210333282,61794.58683888805,Gonzalez-Riga et al. 2016,,2016.0,not available,not available,not available,not available,not available
Oceanotitan dantasi,Oceanotitandantasi,SHN 181,tsf,LJ,Kim-Tith,154.0,-154.0,EU,,,,,192.0,,,400.72260000000006,508.0,908.7226,9648.179803264638,9.17452455511842,7236.134852448478,12060.224754080798,Mocho et al. 2019,,2019.0,not available,not available,not available,not available,not available
Omeisaurus jiaoi,Omeisaurusjiaoi,ZDM 5050,saur,MJ,Baj-Call,166.0,-166.0,AS,,135.0,1160.0,,,1400.0,,380.0,486.966,866.966,8531.405985054475,9.05150945516265,6398.554488790856,10664.257481318093,McPhee et al. 2018,,2011.0,not available,not available,available,available,not available
Omeisaurus junghsiensis,Omeisaurusjunghsiensis,,saur,MJ,Baj-Call,166.0,-166.0,AS,,143.0,,,,,,390.0,460.0,850,8101.399663433428,8.999792123687428,6076.049747575071,10126.749579291785,McPhee et al. 2018,,1939.0,not available,not available,not available,not available,not available
Omeisaurus maoianus,Omeisaurusmaoianus,ZNM N8510,saur,LJ,,153.0,-153.0,AS,,,,,,1120.0,,393.1653,499.0,892.1653,9195.322717478417,9.126450233483808,6896.492038108812,11494.153396848022,Feng et al. 2001,,2001.0,not available,not available,not available,available,not available
Omeisaurus maoianus2,Omeisaurusmaoianus2,,saur,MJ,Baj-Call,166.0,-166.0,AS,85.0,125.0,785.0,,185.0,1120.0,,340.0,470.0,810,7140.74114081421,8.873571851181138,5355.555855610657,8925.926426017762,McPhee et al. 2018,,2018.0,available,not available,available,available,not available
Omeisaurus puxiani,Omeisauruspuxiani,CLGRP V00005,saur,MJ,,169.0,-169.0,AS,,124.0,,,139.0,,,354.0,374.0,728,5397.334210116482,8.59366044586654,4048.0006575873613,6746.667762645602,Tan et al. 2020,,2020.0,not available,not available,not available,not available,not available
Omeisaurus tianfuensis,Omeisaurustianfuensis,T5701,saur,LJ,,153.0,-153.0,AS,,,,,,1310.0,,415.83720000000005,526.0,941.8372,10594.074145123624,9.26805008086454,7945.555608842718,13242.59268140453,He et al. 1988; Mazzetta et al. 2004,,1988.0,not available,not available,not available,available,not available
Opisthocoelicaudia skarzynskii,Opisthocoelicaudiaskarzynskii,ZPAL MgD-I/48,salt,LK,Maa,68.0,-68.0,AS,,220.0,1000.0,108.0,280.0,1395.0,,565.0,680.0,1245,21916.059092841566,9.994974938988015,16437.044319631175,27395.073866051956,Borsuk-Bialynicka 1977,,1977.0,not available,available,available,available,not available
Paludititan nalatzensis,Paludititannalatzensis,UBB NVM1-53,ti,LK,Maa,68.0,-68.0,EU,,,,,,,,237.8208,314.0,551.8208,2602.6617492425157,7.864289950043878,1951.9963119318868,3253.3271865531447,J. A. Wilson pers. comm 2011,,2010.0,not available,not available,not available,not available,not available
Panamericansaurus schroederi,Panamericansaurusschroederi,MUCPv-417,ti,LK,Cam-Maa,71.0,-71.0,SA,,,1230.0,,,,,418.0,530.5672,948.5672,10792.937326593536,9.286647247951592,8094.702994945152,13491.17165824192,"Calvo & Porfiri, 2010",,2010.0,not available,not available,available,not available,not available
Paralititan stromeri,Paralititanstromeri,CGM 81119,ti,LK,Cen,96.0,-96.0,AF,,,1690.0,,,,,720.0,877.0819999999999,1597.0819999999999,41787.032264418354,10.640341337472012,31340.274198313768,52233.79033052294,Smith et al. 2001; McPhee et al. 2018,,2001.0,not available,not available,available,not available,not available
Patagosaurus fariasi,Patagosaurusfariasi,PVL 4170,saur,MJ,Aal-Baj,171.0,-171.0,SA,,,,,,1270.0,,540.9525,675.0,1215.9524999999999,20612.088402400394,9.9336329983192,15459.066301800296,25765.11050300049,McPhee et al. 2018,,1979.0,not available,not available,not available,available,not available
Patagotitan mayorum,Patagotitanmayorum,MPEF-PV 3400/27 ,ti,EK,Alb,101.0,-101.0,SA,,,,,,2350.0,,759.2745,935.0,1694.2745,48677.14374709399,10.792964871326951,36507.85781032049,60846.42968386749,"Carballido et al., 2017",,2017.0,not available,not available,not available,available,not available
Pellegrinisaurus powelli,Pellegrinisauruspowelli,MPCA 1500,salt,LK,Cam,76.0,-76.0,SA,,,,,,,,389.8065,495.0,884.8065,8998.301592031632,9.104791126513522,6748.726194023724,11247.87699003954,pers. obs.,average of two femora,1996.0,not available,not available,not available,not available,not available
Petrobrasaurus puestohernandezi,Petrobrasauruspuestohernandezi,MAU-Pv-PH-449,ti,LK,San,85.0,-85.0,SA,,155.0,,,235.0,1575.0,,491.4101999999999,616.0,1107.4101999999998,16161.627603102568,9.69039504501714,12121.220702326926,20202.03450387821,Filippi et al. 2011,,2011.0,not available,not available,not available,available,not available
Phuwiangosaurus sirindhornae  ,Phuwiangosaurussirindhornae,"PW 1-8, -16, -17",tsf,EK,Ber-Apt,121.0,-121.0,AS,,,,,,1250.0,,380.0,570.0,950,10835.566159213105,9.290589165416876,8126.674619409829,13544.457699016382,pers. obs. ,,1994.0,not available,not available,not available,available,not available
Pitekunsaurus macayai ,Pitekunsaurusmacayai,MAU-Pv-AG-446,ti,LK,Cam,76.0,-76.0,SA,,,,,,1200.0,,324.30989999999997,417.0,741.3099,5660.207797062511,8.641215883785241,4245.155847796884,7075.259746328139,pers. obs. ,,2008.0,not available,not available,not available,available,not available
Qingxiusaurus youjiangensis,Qingxiusaurusyoujiangensis,NHMG 8499,ti,LK,,83.0,-83.0,AS,,155.0,,,,,,429.0,543.1886,972.1886,11508.858875105803,9.350872354759833,8631.644156329352,14386.073593882254,Mo et al. 2008,,2008.0,not available,not available,not available,not available,not available
Rapetosaurus krausei ,Rapetosauruskrausei,FMNH PR 2342,ti,LK,Maa,68.0,-68.0,MAD,,,,,,1434.0,,444.38700000000006,560.0,1004.3870000000001,12530.249309738845,9.435900944718416,9397.686982304134,15662.811637173556,pers. obs. ,,2001.0,not available,not available,not available,available,not available
Rayososaurus agrioensis  ,Rayososaurusagrioensis,MACN-N41,doidea,LK,Cen,96.0,-96.0,SA,,,,,,1250.0,,289.0425,375.0,664.0425,4238.808497067113,8.352037493891272,3179.106372800335,5298.510621333891,"Carballido et al. 2011, Carballido pers. comm. 2011",,1996.0,not available,not available,not available,available,not available
Rebbachisaurus garasbae ,Rebbachisaurusgarasbae,no #,doidea,LK,Cen,96.0,-96.0,AF,,,,,,1667.0,,463.7001,583.0,1046.7001,13953.819752004098,9.543508567116348,10465.364814003073,17442.27469000512,Lavocat 1954,,1954.0,not available,not available,not available,available,not available
Rhoetosaurus brownei ,Rhoetosaurusbrownei,QM F1659,saur,MJ,Bath-Call,166.0,-166.0,AU,,,,,,1485.0,,558.5862,696.0,1254.5862,22357.09549770227,10.014899021591152,16767.8216232767,27946.36937212784,J. Nair pers. comm. 2011,,1926.0,not available,not available,not available,available,not available
Rinconsaurus caudamirus,Rinconsauruscaudamirus,,ti,LK,Con,88.0,-88.0,SA,,,,,,990.0,,259.653,340.0,599.653,3240.6397301959196,8.083526036887498,2430.47979764694,4050.7996627448993,pers. obs.,,2003.0,not available,not available,not available,available,not available
Rukwatitan bisepultus,Rukwatitanbisepultus,RRBP 0315,ti,,Apt-Cen,105.0,-105.0,AF,,114.0,,,,,,330.0,429.596,759.596,6033.909807597806,8.705150472241998,4525.4323556983545,7542.387259497258,Cashmore et al. 2020,,2014.0,not available,not available,not available,not available,not available
Ruyangosaurus_giganteus,Ruyangosaurus_giganteus,41HIII-0002,ti,LK,Cen-Tur,94.0,-94.0,AS,,,,,330.0,,,734.0835,905.0,1639.0835,44686.57298817313,10.707428354900596,33514.92974112985,55858.216235216416,pers. obs.,,2017.0,not available,not available,not available,not available,not available
Saltasaurus loricatus,Saltasaurusloricatus,PVL  4017-63,salt,LK,Cam-Maa,71.0,-71.0,SA,,,,,,,,350.0,452.544,802.544,6969.807599052217,8.849342899220371,5227.355699289163,8712.25949881527,Powell 2003,,1980.0,not available,not available,not available,not available,not available
Sanpasaurus yaoi,Sanpasaurusyaoi,IVPP V156B,saur,EJ,,197.0,-197.0,AS,,,,,,,,262.0,351.57280000000003,613.5728,3442.608250321812,8.143984675372561,2581.956187741359,4303.2603129022655,McPhee et al. 2016,,1944.0,not available,not available,not available,not available,not available
Sauropoda indet.1,Sauropodaindet.1,NMQR 3314,saur,EJ,Het-Sin,196.0,-196.0,AF,,,433.0,,,570.0,,182.0,249.0,431,1353.531579258817,7.210472440336533,1015.1486844441126,1691.9144740735212,McPhee et al. 2018,,2018.0,not available,not available,available,available,not available
Sauropoda indet.2,Sauropodaindet.2,NMQR 1551,saur,LT,Nor-Rhae,213.0,-213.0,AF,,,450.0,,101.0,638.0,,185.0,275.0,460,1608.5144930225965,7.3830663569105415,1206.3858697669475,2010.6431162782455,McPhee et al. 2018,,2018.0,not available,not available,available,available,not available
Sauroposeidon proteles ,Sauroposeidonproteles,OMNH 53062,tsf,EK,Apt-Alb,112.0,-112.0,,,,,,,,,700.74741,865.3,1566.04741,39719.796119411614,10.589604985200609,29789.84708955871,49649.74514926452,pers. obs.,"OMNH 53062 scaled from  FWMSH
93B-10-25 (circumferecne 509 mm) based on ratio between average of cervical vertebra 6 lengths (OMNH 53062 = 1180 mm versus FWMSH 93B-10-28 = 640 mm) and cervical vertebra 8 lengths (OMNH 53062 = 1250 mm versus FWMSH 93B-10-29 = 800 mm). 1180/640 = 1.84; 1250/80 = 1.56; average of 1.84 and 1.56 = 1.7. Circumference of FWMSH 93B-10-25 is 509 mm. All measurements pers. obs.",2000.0,not available,not available,not available,not available,not available
Savannasaurus elliottorum,Savannasauruselliottorum,AODF660,ti,LK,Cen,96.0,-96.0,AU,,,,,,,,602.0,741.6887999999999,1343.6888,26715.304478034664,10.192991881595674,20036.478358525997,33394.13059754333,Hocknull et al. 2021,,2016.0,not available,not available,not available,not available,not available
Schleitheimia,Schleitheimia,"MzA NAT15046,",saur,LT,Nor,210.0,-210.0,EU,,68.0,,,,,,220.0,303.382,523.3820000000001,2263.2550267152483,7.724559333369431,1697.4412700364362,2829.06878339406,Rauhut et al. 2020,,2020.0,not available,not available,not available,not available,not available
Shingopana songwensis,Shingopanasongwensis,RRBP 02100 ,ti,EK/LK,Apt-Cen,105.0,-105.0,AF,,,,,,,,330.0,429.596,759.596,6033.909807597806,8.705150472241998,4525.4323556983545,7542.387259497258,Gorscak et al. 2017,,2017.0,not available,not available,not available,not available,not available
Shunosaurus lii,Shunosauruslii,IVPP V9065,saur,EJ,Cal,163.0,-163.0,AS,,114.0,720.0,,165.0,1200.0,,330.0,440.0,770,6253.0820165426885,8.740829743832261,4689.811512407016,7816.352520678361,McPhee et al. 2018,,1983.0,not available,not available,available,available,not available
Sonorasaurus thompsoni,Sonorasaurusthompsoni,ADSM 500,tsf,EK/LK,Alb-Cen,100.0,-100.0,,122.0,168.0,,,,,,475.0,595.9689999999999,1070.969,14812.747471626026,9.603243404683145,11109.56060371952,18515.934339532534,D'Emic et al. 2016,,1998.0,available,not available,not available,not available,not available
Soriatitan golmayensis,Soriatitangolmayensis,MNS 2001/122.611,tsf,,Haut-Barr,129.0,-129.0,SA,,,,,170.0,,,170.0,452.0,622,3568.5377204884994,8.179911188759768,2676.4032903663747,4460.672150610624,Royo-Torres et al. 2017; Cashmore et al. 2020 ,,2017.0,not available,not available,not available,not available,not available
Spinophorosaurus nigerensis,Spinophorosaurusnigerensis,,saur,MJ,,169.0,-169.0,AF,,150.0,1121.0,100.0,180.0,1215.0,,417.0,478.0,895,9271.913235929098,9.134745027332265,6953.934926946824,11589.891544911372,McPhee et al. 2018,,2009.0,not available,available,available,available,not available
Suuwassea emilieae,Suuwasseaemilieae,ANS 21122,doidea,LJ,Kim-Tith,154.0,-154.0,,,,,,,,,402.0,512.2088,914.2088,9801.169765242312,9.190257021335608,7350.877323931734,12251.46220655289,"Harris, 2007",,2004.0,not available,not available,not available,not available,not available
Tangvayosaurus hoffeti,Tangvayosaurushoffeti,TV 4-1,tsf,EK,Apt-Alb,112.0,-112.0,AS,,,,,,1605.0,,560.2656,698.0,1258.2656,22527.794484505102,10.022505136246817,16895.845863378825,28159.74310563138,pers. obs. ,,1999.0,not available,not available,not available,available,not available
Tapuiasaurus macedoi,Tapuiasaurusmacedoi,MZSP-PV 807,ti,EK,Apt,120.0,-120.0,SA,,,,,175.0,,,364.6155,465.0,829.6155,7602.58780061476,8.936243968398315,5701.94085046107,9503.23475076845,McPhee et al. 2018,,2011.0,not available,not available,not available,not available,not available
Tastavinsaurus sanzi ,Tastavinsaurussanzi,MPZ-99/9,tsf,EK,Apt,118.0,-118.0,EU,,,,,,1305.0,,435.99,550.0,985.99,11940.187980721768,9.387665130601704,8955.140985541326,14925.23497590221,Royo Torres et al. 2006,,2008.0,not available,not available,not available,available,not available
Tazoudasaurus naimi ,Tazoudasaurusnaimi,To 1-4,saur,EJ,Pli-Toa,183.0,-183.0,AF,,,,,,1230.0,,401.0,511.0614,912.0614,9741.111803095991,9.184110538283981,7305.833852321994,12176.38975386999,Peyer and Allain 2010,,2004.0,not available,not available,not available,available,not available
Tehuelchesaurus benitezii,Tehuelchesaurusbenitezii,MPEF 1125-J,neo,LJ,Ox-Tith,156.0,-156.0,SA,,,,,,1600.0,,615.0,756.6049999999999,1371.605,28178.608254902232,10.246318396543288,21133.956191176672,35223.26031862779,pers. obs. ,,1999.0,not available,not available,not available,available,not available
Titanosauria indet.,Titanosauriaindet.,MOZ-Pv 1221,ti,LK,Cen,96.0,-96.0,SA,,,,,,,,,,,54379.23641822148,10.903737676495775,40784.42731366611,67974.04552277685,Otero et al. 2021,"mass  estimated as 10% more than Patagotitan mass (pubis is 10% larger, scapula 17% larger)",2021.0,not available,not available,not available,not available,not available
Titanosauria indet. Los Bastos,Titanosauriaindet.LosBastos,MMS-PV-15,ti,LK,Tur-Con,93.0,-93.0,SA,,,,,205.0,1150.0,,,541.0,541,2470.084590735428,7.812007676296906,1852.5634430515709,3087.6057384192845,Bellardini et al. 2021,,2021.0,not available,not available,not available,available,not available
Toba indet. Titanosauriform,Tobaindet.Titanosauriform,MPM Fo-0014,tsf,EK,,125.0,-125.0,AS,,,,,,,,619.0,804.0,1423,30997.50591717312,10.341662025945926,23248.12943787984,38746.8823964664,Tomida et al. 2006,,2006.0,not available,not available,not available,not available,not available
Tonganosaurus hei,Tonganosaurushei,MCDUT 14454,saur,EJ,Pli ,187.0,-187.0,AS,,96.0,628.0,,147.0,840.0,,287.0,394.0,681,4529.374823000499,8.418339200785416,3397.0311172503743,5661.7185287506245,Li et al. 2010,,2019.0,not available,not available,available,available,not available
Tornieria africana,Tornieriaafricana,SMNS 12140; MB.R.2672 [A1],doidea,LJ,Tith,148.0,-148.0,AF,,,,,,1420.0,,430.0,550.0,980,11751.797235268436,9.371761464068758,8813.847926451326,14689.746544085545,Remes 2006; est. from K. Remes pers. comm. 2011,,1908.0,not available,not available,not available,available,not available
Traukutitan eocaudata,Traukutitaneocaudata,MUCPv 204,ti,LK,,85.0,-85.0,SA,,,,,,1860.0,,642.5562,796.0,1438.5562,31883.030558021903,10.369829189804605,23912.272918516428,39853.78819752738,McPhee et al. 2018,,2011.0,not available,not available,not available,available,not available
Trigonosaurus pricei,Trigonosauruspricei,DGM Series B,salt,LK,Cam-Maa,71.0,-71.0,SA,,,,,,1200.0,,324.30989999999997,417.0,741.3099,5660.207797062511,8.641215883785241,4245.155847796884,7075.259746328139,pers. obs. ,estimate based on Pitekunsaurus which is nearly identical in size,2005.0,not available,not available,not available,available,not available
Turiasaurus riodevensis,Turiasaurusriodevensis,CPT-1195 to -1210,saur,LJ-EK,Tith-Berr,145.0,-145.0,EU,,,,,,2219.0,,755.0,917.241,1672.241,47059.23511426788,10.759162408733793,35294.42633570091,58824.04389283485,Royo Torres et al. 2006,,2006.0,not available,not available,not available,available,not available
Uberabatitan ribeiroi,Uberabatitanribeiroi,"CPT 894-UrC, 1030-UrHo, 898-UrB",ti,LK,Maa,68.0,-68.0,SA,,,,,119.0,,,246.21779999999998,324.0,570.2178,2837.9119656835082,7.950823837395138,2128.433974262631,3547.3899571043853,Silva Junior et al. 2019,,2008.0,not available,not available,not available,not available,not available
Volkheimeria chubutensis,Volkheimeriachubutensis,PVL 4077,saur,MJ,,169.0,-169.0,SA,,,,72.0,89.0,655.0,,189.9579,257.0,446.9579,1490.490159582636,7.306860311004844,1117.867619686977,1863.1126994782949,McPhee et al. 2018,,1979.0,not available,available,not available,available,not available
Vouivria damparisensis ,Vouivriadamparisensis,"MNHN.F.1934.6 DAM 19, 28–30",br,LJ,Ox,158.0,-158.0,EU,,,,,,1460.0,,450.0,600.0,1050,14068.778466093296,9.55171332800925,10551.583849569972,17585.97308261662,Mannion et al. 2017,,2017.0,not available,not available,not available,available,not available
Vulcanodon karibaensis,Vulcanodonkaribaensis,NMZ QG24,saur,EJ,Het,198.0,-198.0,AF,,,,,,1100.0,,385.60799999999995,490.0,875.608,8755.676351836853,9.07745749494417,6566.75726387764,10944.595439796067,Yates and Kitching 2003; est. from Cooper 1984,,1972.0,not available,not available,not available,available,not available
Wintonotitan wattsi,Wintonotitanwattsi,QMF 7292,ti,LK,Cen,96.0,-96.0,AU,,,,,,,,583.0,719.8882,1302.8881999999999,24661.173626175932,10.112985367888207,18495.88021963195,30826.467032719916,McPhee et al. 2018; Hocknull et al. 2021,,2009.0,not available,not available,not available,not available,not available
Xianshanosaurus shijiagouensis,Xianshanosaurusshijiagouensis,KLR-07-62,ti,EK,,125.0,-125.0,AS,,,,,192.0,1260.0,,461.18100000000004,580.0,1041.181,13762.832434578388,9.52972693584027,10322.12432593379,17203.540543222985,Lu et al. 2009,,2009.0,not available,not available,not available,available,not available
Xinjiangtitan shanshanesis,Xinjiangtitanshanshanesis,SSV1201 ,saur,MJ,,165.0,-165.0,AS,,,,,,,,645.915,800.0,1445.915,32307.203886475792,10.38304551488418,24230.402914856844,40384.00485809474,Wu et al. 2003,,2013.0,not available,not available,not available,not available,not available
Yuanmousaurus jiangyiensis ,Yuanmousaurusjiangyiensis,YMV 601,saur,MJ,,169.0,-169.0,AS,,,,,,1370.0,,360.0,450.0,810,7140.74114081421,8.873571851181138,5355.555855610657,8925.926426017762,Lu et al. 2006,,2006.0,not available,not available,not available,available,not available
Yunmenglong ruyangensis,Yunmenglongruyangensis,1HIII-0006,tsf,EK,Apt-Alb,112.0,-112.0,AS,,,,,360.0,,,755.9157,931.0,1686.9157,48133.109190970485,10.781725560064622,36099.83189322786,60166.386488713106,Lu et al. 2013,,2013.0,not available,not available,not available,not available,not available
Zapalasaurus bonapartei ,Zapalasaurusbonapartei,PV-6127-MOZ,doidea,EK,Barr-Apt,121.0,-121.0,SA,,,,,,,,362.9361,463.0,825.9361,7514.607626191616,8.92460408874036,5635.955719643712,9393.25953273952,est. from Salgado et al. 2006; Whitlock pers. comm. 2011,,2006.0,not available,not available,not available,not available,not available
Zby atlanticus,Zbyatlanticus,ML 368,neo,LJ,Kim,154.0,-154.0,EU,,,,,,,,620.0,762.342,1382.342,28754.06552803753,10.266534445898962,21565.54914602815,35942.58191004691,Mateus et al. 2014,,2014.0,not available,not available,not available,not available,not available
Zhuchengtitan zangjiazhuangensis,Zhuchengtitanzangjiazhuangensis,,ti,LK,Con-Cam,81.0,-81.0,AS,,231.0,,,,,,611.0,752.0153999999999,1363.0153999999998,27723.314587547786,10.230029020020815,20792.485940660838,34654.143234434734,Cashmore et al. 2020,,2017.0,not available,not available,not available,not available,not available
Taxa below added since publication of D'Emic (2023: Current Biology),,,,,,,,,,,,,,,,,,,,,,,,,,not available,not available,not available,not available,not available
Chucarosaurus diripienda,,MPCA PV 820,ti,LK,Cen-Tur,95.0,-95.0,SA,,,,,390.0,,,819.7329,1007.0,1826.7329,59111.26465631728,10.987176788553466,44333.44849223796,73889.0808203966,Agnolin et al. 2024,,2024.0,not available,not available,not available,not available,not available
Chadititan calvoi,,MPCN-Pv 1034,ti,LK,Cam,76.0,-76.0,SA,,,,,175.0,,,364.6155,465.0,829.6155,7602.58780061476,8.936243968398315,5701.94085046107,9503.23475076845,Agnolin et al. 2024,,2024.0,not available,not available,not available,not available,not available
Petrustitan  hungaricus,,NHMUK R.3853,ti,LK,Maa,68.0,-68.0,EU,,,,,,,190.0,281.47092510000004,365.983,647.4539251000001,3965.8935537443426,8.285486469018174,2974.420165308257,4957.366942180428,Díez Díaz et al. 2025,,2025.0,not available,not available,not available,not available,available
Uriash kadici,,MBFSZ Ob.3103,ti,LK,Maa,68.0,-68.0,EU,,,,,,,,352.8597,451.0,803.8597,6999.78713787251,8.853635018699736,5249.840353404383,8749.733922340638,Díez Díaz et al. 2025,,2025.0,not available,not available,not available,not available,not available
Igai semkhu,,Vb-634,ti,LK,Cam,76.0,-76.0,AF,,,,,,,264.0,381.543852,485.16,866.7038520000001,8524.658368403108,9.050718227261118,6393.493776302332,10655.822960503885,Gorscak et al. 2023,,2023.0,not available,not available,not available,not available,available
Bustingorrytitan shiva,,MMCH-Pv 59/20; MMCH-Pv 59/30,ti,LK,Cen,96.0,-96.0,SA,,,,,,,,680.0,760.0,1440,31965.985625132562,10.372427667236092,23974.48921884942,39957.482031415704,Simón and Salgado 2023,,2023.0,not available,not available,not available,not available,not available
Titanomachya gimenezi,,"MPEF Pv 11547, ",ti,LK,Maa,68.0,-68.0,SA,,,,,,,,385.0,425.0,810,7140.74114081421,8.873571851181138,5355.555855610657,8925.926426017762,Perez Moreno et al. 2024,,2024.0,not available,not available,not available,not available,not available
Garumbatitan morellensis,,SAV05-024,tsf,EK,upper Bar,122.0,-122.0,EU,,,,,,,,499.80719999999997,626.0,1125.8072,16869.93342687654,9.733288229288988,12652.450070157407,21087.416783595676,Mocho et al. 2024,,2024.0,not available,not available,not available,not available,not available
Sidersaura marae,,MMCh-PV 236,ti,LK,Cen-Tur,95.0,-95.0,SA,,,,,235.0,,,491.4101999999999,616.0,1107.4101999999998,16161.627603102568,9.69039504501714,12121.220702326926,20202.03450387821,Lerzo et al. 2024,,2024.0,not available,not available,not available,not available,not available
NHMUK PV R16500,,NHMUK PV R16500,neo,EK,Bar,127.0,-127.0,EU,,,,,,,310.0,443.7513471,559.2429999999999,1002.9943470999999,12484.974186519612,9.432281135152234,9363.730639889709,15606.217733149515,Higgins et al. 2024,,2024.0,not available,not available,not available,not available,available
,,,,,,,,,,,,,,,,,,median,11751.797235268436,9.371761464068758,8813.847926451326,14689.746544085545,,,,not available,not available,not available,not available,not available
,,,,,,,,,,,,,,,,,,mean,16189.510416780255,9.317308787224396,12142.132812585194,20236.8880209753,,,,not available,not available,not available,not available,not available
,,,,,,,,,,,,,,,,,,,,,,,,,,not available,not available,not available,not available,not available
,,,,,,,,,,,,,,,,,,,,,,,,,,not available,not available,not available,not available,not available
,,,,,,,,,,,,,,,,,,,,,,,,,,not available,not available,not available,not available,not available
,,,,,,,,,,,,,,,,,,,,,,,,,,not available,not available,not available,not available,not available
"Young individuals, excluded from analysis:",,,,,,,,,,,,,,,,,,,,,,,,,,not available,not available,not available,not available,not available
Bonatitan reigi,Bonatitanreigi,MACN 861,,,,,,,,,,,,,,,,,,,,,,,,not available,not available,not available,not available,not available
Arackar licanantay,Arackarlicanantay,SNGM-1 ,,,,,,,,,,,,,,,,,,,,,,,,not available,not available,not available,not available,not available
Bonitasaura salgadoi,Bonitasaurasalgadoi,MPCA 460,,,,,,,,,,,,,,,,,,,,,,,,not available,not available,not available,not available,not available
Lapparantosaurus madagascariensis,Lapparantosaurusmadagascariensis,,,,,,,,,,,,,,,,,,,,,,,,,not available,not available,not available,not available,not available
Rocasaurus muniozi,Rocasaurusmuniozi,MPCA Pv 56,,,,,,,,,,,,,,,,,,,,,,,,not available,not available,not available,not available,not available
